{
    "Tamil Nadu": {
        "Chennai": [13.0836939, 80.270186],
        "Coimbatore": [11.0018115, 76.9628425]
    },
    "Maharashtra": {
        "Pune": [18.5213738, 73.8545071],
        "Nagpur": [21.1498134, 79.0820556],
        "Mumbai": [19.054999, 72.8692035]
    },
    "Punjab": {
        "Ludhiana": [30.9090157, 75.851601],
        "Amritsar": [31.6356659, 74.8787496]
    },
    "Rajasthan": {
        "Jodhpur": [26.2967719, 73.0351433],
        "Jaipur": [26.9154576, 75.8189817]
    },
    "West Bengal": {
        "Durgapur": [23.5350475, 87.3380425],
        "Kolkata": [22.5726459, 88.3638953]
    },
    "Chhattisgarh": {
        "Bilaspur": [22.1638486, 82.13659231724193],
        "Raipur": [21.2380912, 81.6336993]
    },
    "Delhi": {
        "New Delhi": [28.64308585, 77.21926705734865],
        "Dwarka": [28.6149362, 77.0227628]
    },
    "Jharkhand": {
        "Ranchi": [23.3700501, 85.3250387],
        "Jamshedpur": [22.8015194, 86.2029579]
    },
    "Telangana": {
        "Warangal": [17.9820644, 79.5970954],
        "Hyderabad": [17.360589, 78.4740613]
    },
    "Karnataka": {
        "Bangalore": [12.98815675, 77.62260003796],
        "Mysore": [12.3051828, 76.6553609],
        "Mangalore": [12.8698101, 74.8430082]
    },
    "Uttar Pradesh": {
        "Lucknow": [26.8381, 80.9346001],
        "Noida": [28.5706333, 77.3272147]
    },
    "Assam": {
        "Silchar": [24.830302, 92.7875689],
        "Guwahati": [26.1805978, 91.753943]
    },
    "Uttarakhand": {
        "Dehradun": [30.3255646, 78.0436813],
        "Haridwar": [29.9384473, 78.1452985]
    },
    "Bihar": {
        "Gaya": [24.67938895, 85.01158329654393],
        "Patna": [25.6093239, 85.1235252]
    },
    "Gujarat": {
        "Ahmedabad": [23.0215374, 72.5800568],
        "Surat": [21.2094892, 72.8317058]
    },
    "Haryana": {
        "Faridabad": [28.4031478, 77.3105561],
        "Gurgaon": [28.4646148, 77.0299194]
    },
    "Andhra Pradesh": {
        "Visakhapatnam": [17.6935526, 83.2921297],
        "Vijayawada": [16.5115306, 80.6160469]
    },
    "Madhya Pradesh": {
        "Bhopal": [23.2584857, 77.401989],
        "Indore": [22.7203616, 75.8681996]
    },
    "Kerala": {
        "Trivandrum": [8.4882267, 76.947551],
        "Kochi": [9.9674277, 76.2454436]
    },
    "Odisha": {
        "Cuttack": [20.4686, 85.8792],
        "Bhubaneswar": [20.2602964, 85.8394521]
    }
}
